<?xml version="1.0" encoding="UTF-8"?>
<!DOCTYPE generatorConfiguration PUBLIC "-//mybatis.org//DTD MyBatis Generator Configuration 1.0//EN"
        "http://mybatis.org/dtd/mybatis-generator-config_1_0.dtd">
<generatorConfiguration>
    <!-- 数据库驱动包位置 -->
    <classPathEntry
            location="mysql-connector-java-8.0.11.jar"/>

    <context id="DB2Tables" targetRuntime="MyBatis3"> <!-- MyBatis3Simple  MyBatis3-->
        <commentGenerator>
            <property name="suppressAllComments" value="true"/>
        </commentGenerator>
        <!-- 数据库链接URL、用户名、密码 -->
        <jdbcConnection driverClass="com.mysql.jdbc.Driver"
                        connectionURL="jdbc:mysql://127.0.0.1:3306/xp_pcc" userId="root"
                        password="12345678">  <!-- 2 -->
        </jdbcConnection>
        <javaTypeResolver>
            <property name="forceBigDecimals" value="false"/>
        </javaTypeResolver>
        <!-- 生成模型的包名和位置 --> <!-- 3 -->
        <javaModelGenerator targetPackage="com.xiaopeng.pay.pcc.mapper.entity"
                            targetProject="/apps/codegen_target/">
            <property name="enableSubPackages" value="true"/>
            <property name="trimStrings" value="true"/>
        </javaModelGenerator>
        <!-- 生成的映射文件包名和位置 --> <!-- 4 -->
        <sqlMapGenerator targetPackage="com.xiaopeng.pay.pcc.mapper"
                         targetProject="/apps/codegen_target/">
            <property name="enableSubPackages" value="false"/>
        </sqlMapGenerator>
        <!-- 生成DAO的包名和位置 --> <!-- 5 -->
        <javaClientGenerator type="XMLMAPPER" targetPackage="com.xiaopeng.pay.pcc.mapper.repository"
                             targetProject="/apps/codegen_target/">
            <property name="enableSubPackages" value="true"/>
        </javaClientGenerator>
        <!-- 要生成那些表(更改tableName和domainObjectName就可以) --><!-- 6 -->
        <!--  <table tableName="pay_order" domainObjectName="PayOrder" enableCountByExample="true"
        enableUpdateByExample="true" enableDeleteByExample="true" enableSelectByExample="true"
        selectByExampleQueryId="true"/> -->
        <!--  <table tableName="refund_order" domainObjectName="RefundOrder" enableCountByExample="true"
                enableUpdateByExample="true" enableDeleteByExample="true" enableSelectByExample="true"
                selectByExampleQueryId="true"/> -->

        <!--         <table tableName="refund_transaction" domainObjectName="RefundTransaction" enableCountByExample="true"
                       enableUpdateByExample="true" enableDeleteByExample="true" enableSelectByExample="true"
                       selectByExampleQueryId="true"/>

                <table tableName="bank_error_code" domainObjectName="BankErrorCode" enableCountByExample="true"
                       enableUpdateByExample="true" enableDeleteByExample="true" enableSelectByExample="true"
                       selectByExampleQueryId="true"/> -->

        <!--         <table tableName="auth_perm" domainObjectName="AuthPerm" enableCountByExample="true"
                       enableUpdateByExample="true" enableDeleteByExample="true" enableSelectByExample="true"
                       selectByExampleQueryId="true"/>

                <table tableName="auth_role" domainObjectName="AuthRole" enableCountByExample="true"
                       enableUpdateByExample="true" enableDeleteByExample="true" enableSelectByExample="true"
                       selectByExampleQueryId="true"/>

                <table tableName="auth_role_perm" domainObjectName="AuthRolePerm" enableCountByExample="true"
                       enableUpdateByExample="true" enableDeleteByExample="true" enableSelectByExample="true"
                       selectByExampleQueryId="true"/>

                <table tableName="auth_user_perm" domainObjectName="AuthUserPerm" enableCountByExample="true"
                       enableUpdateByExample="true" enableDeleteByExample="true" enableSelectByExample="true"
                       selectByExampleQueryId="true"/>

                <table tableName="auth_user_role" domainObjectName="AuthUserRole" enableCountByExample="true"
                       enableUpdateByExample="true" enableDeleteByExample="true" enableSelectByExample="true"
                       selectByExampleQueryId="true"/> -->

        <!--             <table tableName="op_log" domainObjectName="OpLog" enableCountByExample="true"
                    enableUpdateByExample="true" enableDeleteByExample="true" enableSelectByExample="true"
                    selectByExampleQueryId="true"/> -->

        <table tableName="checkptpw402" domainObjectName="CheckTarget" enableCountByExample="true"
               enableUpdateByExample="true" enableDeleteByExample="true" enableSelectByExample="true"
               selectByExampleQueryId="true"/>

        <table tableName="checkpbpw402" domainObjectName="CheckBible" enableCountByExample="true"
               enableUpdateByExample="true" enableDeleteByExample="true" enableSelectByExample="true"
               selectByExampleQueryId="true"/>
    </context>
</generatorConfiguration>