<?xml version="1.0" encoding="UTF-8"?>
<!DOCTYPE generatorConfiguration PUBLIC "-//mybatis.org//DTD MyBatis Generator Configuration 1.0//EN"
        "http://mybatis.org/dtd/mybatis-generator-config_1_0.dtd">
<generatorConfiguration>
    <!-- 数据库驱动包位置 -->
    <classPathEntry
            location="mysql-connector-java-8.0.11.jar"/>

    <context id="DB2Tables" targetRuntime="MyBatis3"> <!-- MyBatis3Simple  MyBatis3-->
        <commentGenerator>
            <property name="suppressAllComments" value="true"/>
        </commentGenerator>
        <!-- 数据库链接URL、用户名、密码 -->
        <jdbcConnection driverClass="com.mysql.jdbc.Driver"
                        connectionURL="jdbc:mysql://127.0.0.1:3306/xp_pcc" userId="root"
                        password="12345678">  <!-- 2 -->
        </jdbcConnection>
        <javaTypeResolver>
            <property name="forceBigDecimals" value="false"/>
        </javaTypeResolver>
        <!-- 生成模型的包名和位置 --> <!-- 3 -->
        <javaModelGenerator targetPackage="com.xiaopeng.pay.check.mapper.entity"
                            targetProject="/apps/codegen_target/">
            <property name="enableSubPackages" value="true"/>
            <property name="trimStrings" value="true"/>
        </javaModelGenerator>
        <!-- 生成的映射文件包名和位置 --> <!-- 4 -->
        <sqlMapGenerator targetPackage="com.xiaopeng.pay.check.mapper"
                         targetProject="/apps/codegen_target/">
            <property name="enableSubPackages" value="false"/>
        </sqlMapGenerator>
        <!-- 生成DAO的包名和位置 --> <!-- 5 -->
        <javaClientGenerator type="XMLMAPPER" targetPackage="com.xiaopeng.pay.check.mapper.repository"
                             targetProject="/apps/codegen_target/">
            <property name="enableSubPackages" value="true"/>
        </javaClientGenerator>
      
<!--       <table tableName="check_flow" domainObjectName="CheckFlow" enableCountByExample="true"
               enableUpdateByExample="true" enableDeleteByExample="true" enableSelectByExample="true"
               selectByExampleQueryId="true"/> -->

<!--         <table tableName="checkrecord" domainObjectName="CheckRecord" enableCountByExample="true"
               enableUpdateByExample="true" enableDeleteByExample="true" enableSelectByExample="true"
               selectByExampleQueryId="true"/> -->

        <table tableName="check_error" domainObjectName="CheckError" enableCountByExample="true"
               enableUpdateByExample="true" enableDeleteByExample="true" enableSelectByExample="true"
               selectByExampleQueryId="true"/>
<!-- 
        <table tableName="check_result" domainObjectName="CheckResult" enableCountByExample="true"
               enableUpdateByExample="true" enableDeleteByExample="true" enableSelectByExample="true"
               selectByExampleQueryId="true"/> -->
<!--    <table tableName="checkpbpawx" domainObjectName="CheckRecord" enableCountByExample="true"
               enableUpdateByExample="true" enableDeleteByExample="true" enableSelectByExample="true"
               selectByExampleQueryId="true"/> -->
    </context>
</generatorConfiguration>